<profile version="1.0">
  <option name="myName" value="oldmotif" />
  <inspection_tool class="Annotator" enabled="false" level="ERROR" enabled_by_default="false" />
  <inspection_tool class="FileHeaderInspection" enabled="false" level="WEAK WARNING" enabled_by_default="false" />
  <inspection_tool class="InconsistentLineSeparators" enabled="true" level="WARNING" enabled_by_default="true" />
  <inspection_tool class="MessDetectorValidationInspection" enabled="true" level="WEAK WARNING" enabled_by_default="true">
    <option name="customRulesets">
      <list>
        <RulesetDescriptor>
          <option name="name" value="uMotif Ruleset" />
          <option name="path" value="$USER_HOME$/Sites/standards/phpmd/phpmd.xml" />
        </RulesetDescriptor>
      </list>
    </option>
  </inspection_tool>
  <inspection_tool class="MissingSinceTagDocInspection" enabled="false" level="WEAK WARNING" enabled_by_default="false" />
  <inspection_tool class="PhpCSValidationInspection" enabled="true" level="WEAK WARNING" enabled_by_default="true">
    <option name="CODING_STANDARD" value="Custom" />
    <option name="CUSTOM_RULESET_PATH" value="$USER_HOME$/Sites/standards/codesniffer/phpcs.xml" />
    <option name="SHOW_SNIFF_NAMES" value="true" />
    <option name="EXTENSIONS" value="php,js,css,inc" />
  </inspection_tool>
  <inspection_tool class="PhpClassNamingConventionInspection" enabled="true" level="WARNING" enabled_by_default="true">
    <option name="m_minLength" value="3" />
  </inspection_tool>
  <inspection_tool class="PhpComposerExtensionStubsInspection" enabled="true" level="WEAK WARNING" enabled_by_default="true" />
  <inspection_tool class="PhpConstantNamingConventionInspection" enabled="true" level="WARNING" enabled_by_default="true">
    <option name="m_minLength" value="3" />
  </inspection_tool>
  <inspection_tool class="PhpDocMissingReturnTagInspection" enabled="true" level="WEAK WARNING" enabled_by_default="true">
    <option name="SKIP_ON_PRESENT_TYPE_HINT" value="true" />
  </inspection_tool>
  <inspection_tool class="PhpDocMissingThrowsInspection" enabled="false" level="WEAK WARNING" enabled_by_default="false" />
  <inspection_tool class="PhpFunctionNamingConventionInspection" enabled="true" level="WARNING" enabled_by_default="true" />
  <inspection_tool class="PhpIllegalPsrClassPathInspection" enabled="true" level="WARNING" enabled_by_default="true" />
  <inspection_tool class="PhpMethodNamingConventionInspection" enabled="true" level="WARNING" enabled_by_default="true">
    <option name="m_minLength" value="3" />
  </inspection_tool>
  <inspection_tool class="PhpMethodOrClassCallIsNotCaseSensitiveInspection" enabled="true" level="WARNING" enabled_by_default="true" />
  <inspection_tool class="PhpMissingDocCommentInspection" enabled="true" level="WARNING" enabled_by_default="true">
    <option name="CHECK_CLASS" value="false" />
  </inspection_tool>
  <inspection_tool class="PhpMultipleClassesDeclarationsInOneFile" enabled="true" level="WARNING" enabled_by_default="true" />
  <inspection_tool class="PhpPropertyNamingConventionInspection" enabled="true" level="WARNING" enabled_by_default="true">
    <option name="m_regex" value="[a-z][_a-z\d]*" />
    <option name="m_minLength" value="3" />
  </inspection_tool>
  <inspection_tool class="PhpShortOpenTagInspection" enabled="true" level="WARNING" enabled_by_default="true" />
  <inspection_tool class="PhpTraditionalSyntaxArrayLiteralInspection" enabled="true" level="WARNING" enabled_by_default="true" />
  <inspection_tool class="PhpUnhandledExceptionInspection" enabled="true" level="WEAK WARNING" enabled_by_default="true" />
  <inspection_tool class="PhpUnusedParameterInspection" enabled="true" level="INFORMATION" enabled_by_default="true">
    <option name="DONT_REPORT_ABSTRACT_CLASS" value="true" />
    <option name="DONT_REPORT_ANONYMOUS" value="true" />
  </inspection_tool>
  <inspection_tool class="PhpUsageOfSilenceOperatorInspection" enabled="true" level="ERROR" enabled_by_default="true" />
  <inspection_tool class="PhpVariableNamingConventionInspection" enabled="true" level="WARNING" enabled_by_default="true">
    <option name="m_minLength" value="3" />
  </inspection_tool>
  <inspection_tool class="ProblematicWhitespace" enabled="true" level="WARNING" enabled_by_default="true" />
  <inspection_tool class="TodoComment" enabled="true" level="WARNING" enabled_by_default="true" />
</profile>