<profile version="1.0">
  <option name="myName" value="uMotif" />
  <inspection_tool class="Annotator" enabled="false" level="ERROR" enabled_by_default="false" />
  <inspection_tool class="FileHeaderInspection" enabled="false" level="WEAK WARNING" enabled_by_default="false" />
  <inspection_tool class="InconsistentLineSeparators" enabled="true" level="WARNING" enabled_by_default="true" />
  <inspection_tool class="JSHint" enabled="true" level="ERROR" enabled_by_default="true" />
  <inspection_tool class="MessDetectorValidationInspection" enabled="true" level="WEAK WARNING" enabled_by_default="true">
    <option name="customRulesets">
      <list>
        <RulesetDescriptor>
          <option name="name" value="uMotif Ruleset" />
          <option name="path" value="$USER_HOME$/standards/phpmd/phpmd.xml" />
        </RulesetDescriptor>
      </list>
    </option>
  </inspection_tool>
  <inspection_tool class="MissingSinceTagDocInspection" enabled="false" level="WEAK WARNING" enabled_by_default="false" />
  <inspection_tool class="PhpAssignmentInConditionInspection" enabled="true" level="WEAK WARNING" enabled_by_default="true" />
  <inspection_tool class="PhpCSValidationInspection" enabled="true" level="WEAK WARNING" enabled_by_default="true">
    <option name="CODING_STANDARD" value="Custom" />
    <option name="CUSTOM_RULESET_PATH" value="$USER_HOME$/standards/codesniffer/phpcs.xml" />
    <option name="SHOW_SNIFF_NAMES" value="true" />
    <option name="EXTENSIONS" value="php,js,css,inc" />
  </inspection_tool>
  <inspection_tool class="PhpClassNamingConventionInspection" enabled="true" level="WARNING" enabled_by_default="true">
    <option name="m_minLength" value="3" />
    <option name="m_maxLength" value="64" />
  </inspection_tool>
  <inspection_tool class="PhpClosureCanBeConvertedToShortArrowFunctionInspection" enabled="true" level="WARNING" enabled_by_default="true" />
  <inspection_tool class="PhpComposerDuplicatedRequirementInspection" enabled="true" level="ERROR" enabled_by_default="true" />
  <inspection_tool class="PhpComposerExtensionStubsInspection" enabled="true" level="WEAK WARNING" enabled_by_default="true" />
  <inspection_tool class="PhpCompoundNamespaceDepthInspection" enabled="true" level="ERROR" enabled_by_default="true" />
  <inspection_tool class="PhpConditionAlreadyCheckedInspection" enabled="true" level="WARNING" enabled_by_default="true" />
  <inspection_tool class="PhpConstantNamingConventionInspection" enabled="true" level="WARNING" enabled_by_default="true">
    <option name="m_minLength" value="4" />
  </inspection_tool>
  <inspection_tool class="PhpConstructorStyleInspection" enabled="true" level="ERROR" enabled_by_default="true" />
  <inspection_tool class="PhpDocMissingReturnTagInspection" enabled="true" level="WEAK WARNING" enabled_by_default="true">
    <option name="SKIP_ON_PRESENT_TYPE_HINT" value="true" />
  </inspection_tool>
  <inspection_tool class="PhpDocMissingThrowsInspection" enabled="false" level="WEAK WARNING" enabled_by_default="false" />
  <inspection_tool class="PhpExpressionAlwaysConstantInspection" enabled="true" level="WARNING" enabled_by_default="true" />
  <inspection_tool class="PhpFunctionNamingConventionInspection" enabled="true" level="WARNING" enabled_by_default="true">
    <option name="m_maxLength" value="64" />
  </inspection_tool>
  <inspection_tool class="PhpLongTypeFormInspection" enabled="true" level="ERROR" enabled_by_default="true" />
  <inspection_tool class="PhpMethodNamingConventionInspection" enabled="true" level="WARNING" enabled_by_default="true">
    <option name="m_regex" value="[a-z][A-Za-z\d]+" />
    <option name="m_minLength" value="2" />
    <option name="m_maxLength" value="128" />
  </inspection_tool>
  <inspection_tool class="PhpMethodOrClassCallIsNotCaseSensitiveInspection" enabled="true" level="WARNING" enabled_by_default="true" />
  <inspection_tool class="PhpMissingDocCommentInspection" enabled="true" level="WARNING" enabled_by_default="true">
    <option name="CHECK_CLASS" value="false" />
  </inspection_tool>
  <inspection_tool class="PhpMissingFieldTypeInspection" enabled="true" level="WARNING" enabled_by_default="true" />
  <inspection_tool class="PhpMissingReturnTypeInspection" enabled="true" level="WARNING" enabled_by_default="true" />
  <inspection_tool class="PhpMissingStrictTypesDeclarationInspection" enabled="true" level="ERROR" enabled_by_default="true" />
  <inspection_tool class="PhpMissingVisibilityInspection" enabled="true" level="ERROR" enabled_by_default="true" />
  <inspection_tool class="PhpModifierOrderInspection" enabled="true" level="ERROR" enabled_by_default="true" />
  <inspection_tool class="PhpNewClassMissingParameterListInspection" enabled="true" level="ERROR" enabled_by_default="true" />
  <inspection_tool class="PhpNotInstalledPackagesInspection" enabled="true" level="ERROR" enabled_by_default="true" />
  <inspection_tool class="PhpPropertyNamingConventionInspection" enabled="true" level="WARNING" enabled_by_default="true">
    <option name="m_regex" value="[a-z][A-Za-z\d]+" />
    <option name="m_minLength" value="3" />
    <option name="m_maxLength" value="128" />
  </inspection_tool>
  <inspection_tool class="PhpSeparateElseIfInspection" enabled="true" level="ERROR" enabled_by_default="true" />
  <inspection_tool class="PhpShortOpenTagInspection" enabled="true" level="WARNING" enabled_by_default="true" />
  <inspection_tool class="PhpSillyAssignmentInspection" enabled="true" level="ERROR" enabled_by_default="true" />
  <inspection_tool class="PhpTraditionalSyntaxArrayLiteralInspection" enabled="true" level="WARNING" enabled_by_default="true" />
  <inspection_tool class="PhpTraitsUseListInspection" enabled="true" level="ERROR" enabled_by_default="true" />
  <inspection_tool class="PhpUnusedParameterInspection" enabled="true" level="INFORMATION" enabled_by_default="true">
    <option name="DONT_REPORT_ABSTRACT_CLASS" value="true" />
    <option name="DONT_REPORT_ANONYMOUS" value="true" />
  </inspection_tool>
  <inspection_tool class="PhpUsageOfSilenceOperatorInspection" enabled="true" level="ERROR" enabled_by_default="true" />
  <inspection_tool class="PhpVarUsageInspection" enabled="true" level="ERROR" enabled_by_default="true" />
  <inspection_tool class="PhpVariableNamingConventionInspection" enabled="true" level="WARNING" enabled_by_default="true">
    <option name="m_regex" value="[a-z][A-Za-z\d]+" />
    <option name="m_minLength" value="2" />
    <option name="m_maxLength" value="128" />
  </inspection_tool>
  <inspection_tool class="PhpVariableVariableInspection" enabled="true" level="WARNING" enabled_by_default="true" />
  <inspection_tool class="ProblematicWhitespace" enabled="true" level="WARNING" enabled_by_default="true" />
  <inspection_tool class="TodoComment" enabled="true" level="WARNING" enabled_by_default="true" />
</profile>